bucket,count,avg_pred,actual_rate
0.5-0.6,2,0.5,0.0
0.6-0.7,8,0.6891025641025641,0.75
0.7-0.8,0,,
0.8-0.9,0,,
0.9-1.0,3,0.999999,0.6666666666666666
