{
  "selected_method": "isotonic",
  "temperature": 1.0,
  "alpha": 1.0,
  "artifact": "/Users/johnn/Desktop/Coding Projects/BTC Model/BTCNEW/artifacts/models/btcnew_calibrator.joblib",
  "metrics": {
    "leakage_guard": {
      "time_split": "train<valid<test chronological split",
      "train_eval_overlap": false,
      "note": "calibration fit only on train slice; validation/test are strictly later timestamps"
    },
    "split": {
      "n_total": 108,
      "n_train": 75,
      "n_valid": 20,
      "n_test": 13
    },
    "variance_stage": {
      "predicted_std_hourly_global": 0.014553786438867575,
      "realized_std_hourly_global": 0.0049193475601609984,
      "variance_scale_global": 0.6,
      "adjusted_std_hourly_global": 0.008732271863320545,
      "by_horizon_minutes": {
        "8": {
          "predicted_std_hourly": 0.002929124659311379,
          "realized_std_hourly": 0.0049193475601609984,
          "variance_scale": 1.679459952147448,
          "adjusted_std_hourly": 0.0049193475601609984
        },
        "12": {
          "predicted_std_hourly": 0.002928217992364441,
          "realized_std_hourly": 0.0049193475601609984,
          "variance_scale": 1.6799799649440665,
          "adjusted_std_hourly": 0.0049193475601609984
        },
        "14": {
          "predicted_std_hourly": 0.0039172298881197855,
          "realized_std_hourly": 0.0049193475601609984,
          "variance_scale": 1.2558230434931699,
          "adjusted_std_hourly": 0.0049193475601609984
        },
        "15": {
          "predicted_std_hourly": 0.0015595411652800835,
          "realized_std_hourly": 0.0049193475601609984,
          "variance_scale": 2.5,
          "adjusted_std_hourly": 0.0038988529132002086
        },
        "16": {
          "predicted_std_hourly": 0.006383866150441815,
          "realized_std_hourly": 0.0049193475601609984,
          "variance_scale": 0.7705906490255189,
          "adjusted_std_hourly": 0.0049193475601609984
        },
        "17": {
          "predicted_std_hourly": 0.007699108177334083,
          "realized_std_hourly": 0.0049193475601609984,
          "variance_scale": 0.6389503104584754,
          "adjusted_std_hourly": 0.0049193475601609984
        },
        "18": {
          "predicted_std_hourly": 0.012548778080156956,
          "realized_std_hourly": 0.0049193475601609984,
          "variance_scale": 0.6,
          "adjusted_std_hourly": 0.007529266848094173
        },
        "19": {
          "predicted_std_hourly": 0.014848397346832931,
          "realized_std_hourly": 0.0049193475601609984,
          "variance_scale": 0.6,
          "adjusted_std_hourly": 0.008909038408099758
        },
        "20": {
          "predicted_std_hourly": 0.012186605610349613,
          "realized_std_hourly": 0.0049193475601609984,
          "variance_scale": 0.6,
          "adjusted_std_hourly": 0.007311963366209767
        },
        "21": {
          "predicted_std_hourly": 0.004493071321229619,
          "realized_std_hourly": 0.0049193475601609984,
          "variance_scale": 1.0948741314025527,
          "adjusted_std_hourly": 0.004919347560160999
        },
        "22": {
          "predicted_std_hourly": 0.05768922839860831,
          "realized_std_hourly": 0.0049193475601609984,
          "variance_scale": 0.6,
          "adjusted_std_hourly": 0.034613537039164984
        },
        "23": {
          "predicted_std_hourly": 0.0022240896343934933,
          "realized_std_hourly": 0.0049193475601609984,
          "variance_scale": 2.2118477079735586,
          "adjusted_std_hourly": 0.0049193475601609984
        },
        "24": {
          "predicted_std_hourly": 0.002506992150799004,
          "realized_std_hourly": 0.0049193475601609984,
          "variance_scale": 1.962250882434216,
          "adjusted_std_hourly": 0.0049193475601609984
        },
        "25": {
          "predicted_std_hourly": 0.01181254239604274,
          "realized_std_hourly": 0.0049193475601609984,
          "variance_scale": 0.6,
          "adjusted_std_hourly": 0.007087525437625644
        },
        "26": {
          "predicted_std_hourly": 0.0050020617541771464,
          "realized_std_hourly": 0.0049193475601609984,
          "variance_scale": 0.9834639798384986,
          "adjusted_std_hourly": 0.0049193475601609984
        },
        "27": {
          "predicted_std_hourly": 0.00281071693499344,
          "realized_std_hourly": 0.0049193475601609984,
          "variance_scale": 1.7502109511331778,
          "adjusted_std_hourly": 0.0049193475601609984
        },
        "28": {
          "predicted_std_hourly": 0.003813553318740373,
          "realized_std_hourly": 0.0049193475601609984,
          "variance_scale": 1.2899642797667432,
          "adjusted_std_hourly": 0.0049193475601609984
        },
        "29": {
          "predicted_std_hourly": 0.005571552953582486,
          "realized_std_hourly": 0.0049193475601609984,
          "variance_scale": 0.8829401068507978,
          "adjusted_std_hourly": 0.0049193475601609984
        },
        "30": {
          "predicted_std_hourly": 0.013300486379323502,
          "realized_std_hourly": 0.0029601616698571066,
          "variance_scale": 0.6,
          "adjusted_std_hourly": 0.007980291827594101
        },
        "32": {
          "predicted_std_hourly": 0.0005180488303550198,
          "realized_std_hourly": 0.0049193475601609984,
          "variance_scale": 2.5,
          "adjusted_std_hourly": 0.0012951220758875494
        },
        "34": {
          "predicted_std_hourly": 0.014659436614397746,
          "realized_std_hourly": 0.0049193475601609984,
          "variance_scale": 0.6,
          "adjusted_std_hourly": 0.008795661968638646
        },
        "35": {
          "predicted_std_hourly": 0.012019570293858936,
          "realized_std_hourly": 0.0049193475601609984,
          "variance_scale": 0.6,
          "adjusted_std_hourly": 0.007211742176315361
        },
        "36": {
          "predicted_std_hourly": 0.006621054342655881,
          "realized_std_hourly": 0.0049193475601609984,
          "variance_scale": 0.7429855285235006,
          "adjusted_std_hourly": 0.0049193475601609984
        },
        "37": {
          "predicted_std_hourly": 0.0053074963529395995,
          "realized_std_hourly": 0.0049193475601609984,
          "variance_scale": 0.9268678173346984,
          "adjusted_std_hourly": 0.0049193475601609984
        },
        "38": {
          "predicted_std_hourly": 0.00961462350505478,
          "realized_std_hourly": 0.0049193475601609984,
          "variance_scale": 0.6,
          "adjusted_std_hourly": 0.005768774103032868
        },
        "40": {
          "predicted_std_hourly": 0.011777537013380761,
          "realized_std_hourly": 0.0022352842707440077,
          "variance_scale": 0.6,
          "adjusted_std_hourly": 0.007066522208028456
        },
        "42": {
          "predicted_std_hourly": 0.002198934282951278,
          "realized_std_hourly": 0.0049193475601609984,
          "variance_scale": 2.2371507863156985,
          "adjusted_std_hourly": 0.0049193475601609984
        },
        "43": {
          "predicted_std_hourly": 0.005296886220488557,
          "realized_std_hourly": 0.0049193475601609984,
          "variance_scale": 0.9287244157015825,
          "adjusted_std_hourly": 0.0049193475601609984
        },
        "44": {
          "predicted_std_hourly": 0.003937754983829322,
          "realized_std_hourly": 0.0049193475601609984,
          "variance_scale": 1.249277210075959,
          "adjusted_std_hourly": 0.0049193475601609984
        },
        "45": {
          "predicted_std_hourly": 0.005196328074677586,
          "realized_std_hourly": 0.0049193475601609984,
          "variance_scale": 0.9466968769992888,
          "adjusted_std_hourly": 0.0049193475601609984
        },
        "46": {
          "predicted_std_hourly": 0.001521548467852764,
          "realized_std_hourly": 0.0049193475601609984,