bin_left,count_raw,count_final
0.0,0,0
0.1,0,0
0.2,0,0
0.30000000000000004,0,0
0.4,2,0
0.5,2,2
0.6000000000000001,1,8
0.7000000000000001,6,0
0.8,0,0
0.9,2,3
