{
  "mode": "futures",
  "timestamp_utc": "2026-03-10T21:20:20.568282+00:00",
  "timeframe_minutes": 30,
  "timeframe_min": 30,
  "spot_price": 70046.03,
  "target_price": 69939.78907830316,
  "expected_return": -0.0015167300944370036,
  "expected_price": 69939.78907830316,
  "prob_up": 0.6666666666666666,
  "prob_down": 0.33333333333333337,
  "confidence_score": 0.537439626751657,
  "signal": "NO_TRADE",
  "entry_price": 70046.03,
  "take_profit": null,
  "stop_loss": null,
  "signal_strength": -0.3358974723696016,
  "leverage": 10.0,
  "expected_return_threshold": 0.0015,
  "min_confidence": 0.6,
  "min_signal_strength": 0.4,
  "take_profit_mult": 1.2,
  "stop_loss_mult": 0.7,
  "realized_volatility": 0.004515455515045336,
  "expected_move": 316.2897324705311,
  "confidence_components": {
    "confidence_score": 0.537439626751657,
    "prob_separation": 0.8333333333333331,
    "distance_strength": 0.3358974723696016,
    "component_agreement": 0.0,
    "noise_stability": 0.8465205448341917,
    "calibration_quality": 1.0,
    "warning_penalty": 0.0
  },
  "factors": {
    "orderbook_imbalance": 0.03360617061180233,
    "bid_ask_spread": 1.4276325554703147e-07,
    "trade_flow_imbalance": 0.1698214201149573,
    "trade_flow_buy_share": 0.5849107100574786,
    "trade_flow_notional_usd": 914082.1227505989,
    "funding_rate": 0.001738,
    "open_interest_change": 0.0009434054171193473,
    "liquidation_imbalance": -0.8344273357462475,
    "perp_premium": -0.007896,
    "long_short_ratio": 1.1659,
    "price_action_candle_minutes": 1.0,
    "momentum_1h": -0.00220745583628279,
    "short_term_return": -0.003107460937572193,
    "return_1m": -0.00044521043470513444,
    "return_3m": -0.0008077923504359319,
    "return_5m": -0.0011834991135163397,
    "return_10m": -0.002875302081807418,
    "momentum_acceleration": 0.0007382886788112053,
    "realized_vol_annual": 0.5976798563330962,
    "realized_vol_expansion": -0.3029485219549586,
    "vol_1m": 0.28683539081355847,
    "vol_5m": 0.3094967757002336,
    "vol_15m": 0.42008643133411344,
    "vwap_deviation": -0.004169317628412103,
    "distance_to_vwap": -0.004169317628412103,
    "distance_to_high_15m": 0.005500940640434972,
    "distance_to_low_15m": 0.00023226923473360238,
    "volume_spike": 0.3223058234427326,
    "local_range_break": 0.0,
    "ema_3": 70064.53513063594,
    "ema_5": 70078.32530518527,
    "ema_10": 70118.0879565947,
    "price_minus_ema_3": -0.00023576870032776114,
    "price_minus_ema_10": -0.001000284613250911,
    "ema_3_minus_ema_10": -0.0007645159129231498,
    "spx_btc_corr": 0.0,
    "dxy_return": 0.0028321067584518023,
    "bond_yield_change": 0.009999999999999787,
    "cpi_yoy": 0.04111986001749779,
    "etf_flows_z": 0.0,
    "fomc_event_risk": 1.0,
    "fear_greed": -0.74,
    "social_velocity": 0.0,
    "long_short_ratio_signal": 0.03410000000000002,
    "futures_funding_rate": 0.0,
    "futures_open_interest_change_1m": 0.0,
    "futures_open_interest_change_5m": 0.0,
    "futures_liquidation_imbalance": 0.0,
    "futures_liquidation_pressure": 0.0,
    "futures_orderbook_imbalance": 0.0,
    "futures_orderbook_ratio": 1.0,
    "distance_vol_normalized_signed": 0.0,
    "distance_vol_normalized_abs": 0.0,
    "minutes_remaining": 30.0,
    "sqrt_time_remaining": 5.477225575051661,
    "minutes_remaining_scaled": 0.5,
    "time_adjusted_distance": 0.0
  },
  "warnings": [],
  "resolution_due_utc": "2026-03-10T21:50:20.568282+00:00"
}