{
  "mode": "futures",
  "timestamp_utc": "2026-03-10T18:36:31.915824+00:00",
  "timeframe_minutes": 30,
  "timeframe_min": 30,
  "spot_price": 70374.96,
  "target_price": 70447.77408049119,
  "expected_return": 0.0010346589254357204,
  "expected_price": 70447.77408049119,
  "prob_up": 0.6666666666666666,
  "prob_down": 0.33333333333333337,
  "confidence_score": 0.5127948545778146,
  "signal": "NO_TRADE",
  "entry_price": 70374.96,
  "take_profit": null,
  "stop_loss": null,
  "signal_strength": 0.1509295090662782,
  "leverage": 10.0,
  "expected_return_threshold": 0.0015,
  "min_confidence": 0.6,
  "min_signal_strength": 0.4,
  "take_profit_mult": 1.2,
  "stop_loss_mult": 0.7,
  "realized_volatility": 0.006855246079349781,
  "expected_move": 482.4376686243977,
  "confidence_components": {
    "confidence_score": 0.5127948545778146,
    "prob_separation": 0.8333333333333331,
    "distance_strength": 0.1509295090662782,
    "component_agreement": 0.22430187981557537,
    "noise_stability": 0.48548677731682277,
    "calibration_quality": 1.0,
    "warning_penalty": 0.0
  },
  "factors": {
    "orderbook_imbalance": -0.06007214658208167,
    "bid_ask_spread": 2.856614779307338e-05,
    "trade_flow_imbalance": -0.2898072807961629,
    "trade_flow_buy_share": 0.3550963596019186,
    "trade_flow_notional_usd": 746901.2800325616,
    "funding_rate": 0.001738,
    "open_interest_change": -0.00590149174076271,
    "liquidation_imbalance": 0.059417829489461005,
    "perp_premium": -0.00443,
    "long_short_ratio": 1.0734,
    "price_action_candle_minutes": 1.0,
    "momentum_1h": -0.0052701223720889034,
    "short_term_return": -0.005048375319072873,
    "return_1m": 0.0018418131703299423,
    "return_3m": 0.002012567950488542,
    "return_5m": 0.00018418900035221952,
    "return_10m": 0.00030536185592966447,
    "momentum_acceleration": 0.0016576241699777228,
    "realized_vol_annual": 0.9073818750249965,
    "realized_vol_expansion": -0.014960606223332729,
    "vol_1m": 1.0759595399126962,
    "vol_5m": 1.0407612155564723,
    "vol_15m": 0.7122235675179512,
    "vwap_deviation": -0.009545627368556525,
    "distance_to_vwap": -0.009545627368556525,
    "distance_to_high_15m": 0.0008306146676327354,
    "distance_to_low_15m": 0.004026564334939771,
    "volume_spike": 0.5946336893412899,
    "local_range_break": 0.0,
    "ema_3": 70382.71295585152,
    "ema_5": 70374.81390166303,
    "ema_10": 70372.46354353473,
    "price_minus_ema_3": 0.0006681413860713841,
    "price_minus_ema_10": 0.00081366809042929,
    "ema_3_minus_ema_10": 0.0001455267043579059,
    "spx_btc_corr": 0.0,
    "dxy_return": 0.0028321067584518023,
    "bond_yield_change": 0.009999999999999787,
    "cpi_yoy": 0.04111986001749779,
    "etf_flows_z": 0.0,
    "fomc_event_risk": 1.0,
    "fear_greed": -0.74,
    "social_velocity": 0.0,
    "long_short_ratio_signal": 0.12660000000000005,
    "futures_funding_rate": 0.0,
    "futures_open_interest_change_1m": 0.0,
    "futures_open_interest_change_5m": 0.0,
    "futures_liquidation_imbalance": 0.0,
    "futures_liquidation_pressure": 0.0,
    "futures_orderbook_imbalance": 0.0,
    "futures_orderbook_ratio": 1.0,
    "distance_vol_normalized_signed": 0.0,
    "distance_vol_normalized_abs": 0.0,
    "minutes_remaining": 30.0,
    "sqrt_time_remaining": 5.477225575051661,
    "minutes_remaining_scaled": 0.5,
    "time_adjusted_distance": 0.0
  },
  "warnings": [],
  "resolution_due_utc": "2026-03-10T19:06:31.915824+00:00"
}